Date,Temperature,Humidity,WindSpeed,Pressure,Weather
2022-07-01,34.58535363443998,49.893969351041825,15.054629183931956,1012.7240747116235,Cloudy
2022-07-02,29.44157037025572,41.652027391615505,7.355782504657498,1004.2708318223331,Sunny
2022-07-03,27.380404780881072,79.81959772274303,7.9798951190998,1011.8601784221888,Rain
2022-07-04,34.098614557744554,55.81488622571973,23.96822461659308,1009.5576720309213,Snow
2022-07-05,31.92833861594625,67.50524457416878,18.240742719221156,1003.3054276172508,Cloudy
2022-07-06,21.150037952680577,59.971418698985914,10.898995331286992,1019.226735640182,Snow
2022-07-07,33.64601991822366,64.49549201220916,23.861920492852366,1018.173104446096,Snow
2022-07-08,24.456635529055955,48.408531097928446,13.748496519426705,1018.1101985304244,Snow
2022-07-09,33.07489577983042,86.59361420049692,17.319955114945614,1003.1299053156017,Thunderstorm
2022-07-10,33.003315530033774,74.73039481656903,12.24485275694188,1003.5417558667524,Cloudy
2022-07-11,25.061956052274095,88.21807732797372,13.5080039178197,1010.1390533012395,Cloudy
2022-07-12,32.43749425879943,63.116307827654104,13.178187433144402,1014.8335376270052,Sunny
2022-07-13,34.749409858988024,85.70616671485637,13.184798415054882,1000.1907275868274,Cloudy
2022-07-14,23.61522445854551,86.97404297865083,14.168565339618006,1004.5870785786568,Cloudy
2022-07-15,29.03116866737932,86.5724524636168,10.856902827293718,1016.4217387416905,Rain
2022-07-16,32.979679535192766,72.95022164382706,23.264484581145496,1009.1118864038755,Sunny
2022-07-17,24.773052893890036,64.23093445188802,13.617975594111101,1010.8461503589215,Sunny
2022-07-18,29.05858944559042,84.6186625680082,16.281900653505268,1017.956776659031,Thunderstorm
2022-07-19,28.70635564328917,84.36122204189157,12.447446971451601,1018.9741027284838,Sunny
2022-07-20,22.46153087481974,72.56673396013733,13.820622988331028,1005.9749606574826,Thunderstorm
2022-07-21,22.07945348129107,51.86712956094552,11.251144343237872,1019.6336201386375,Rain
2022-07-22,28.169918473036248,50.03386714538128,23.08970056179013,1017.6759076190363,Sunny
2022-07-23,26.574211993143752,41.767568332176225,16.40425277621135,1009.1089794815939,Sunny
2022-07-24,28.015514480107548,64.15058142909226,16.60231704125181,1018.623446537472,Partly Cloudy
2022-07-25,25.601097098933614,83.58858726975953,22.128088508289217,1017.47614071962,Sunny
2022-07-26,30.014284328106903,72.16113951360333,22.229326471011706,1009.8296543692487,Snow
2022-07-27,22.650191908492086,70.12995970324312,13.668417978870915,1011.4889549957104,Cloudy
2022-07-28,31.163493673315852,48.02148345706527,19.437232744763552,1004.080981343007,Snow
2022-07-29,28.828002529367538,89.06128042164259,16.640537273237328,1009.8942962135753,Partly Cloudy
2022-07-30,22.93262109397764,64.6915149220977,18.35756357649099,1012.4213068266192,Sunny
2022-07-31,26.570916269713813,82.64182329851805,11.672262787112542,1009.9948695496599,Rain
2022-08-01,23.089319013033922,50.710898822255714,9.497207192234331,1001.3548813490903,Thunderstorm
2022-08-02,25.309718701796058,85.80570103053091,12.765019209635454,1001.4823929263212,Cloudy
2022-08-03,28.851319165428848,44.3980578905978,11.371220505742627,1010.3514628197814,Thunderstorm
2022-08-04,34.546899141448044,64.03748101226734,11.388866412368849,1009.072070326995,Sunny
2022-08-05,23.016975067405774,75.59962882232892,7.261813370780987,1010.415974777064,Sunny
2022-08-06,34.6752687818661,73.52552729838712,19.823114492632612,1015.338068450235,Rain
2022-08-07,30.595699296942133,49.27903164291548,9.700225986828102,1013.7725117605221,Thunderstorm
2022-08-08,20.006903391854912,47.987982263657784,7.714190715278861,1012.6022548236665,Snow
2022-08-09,27.54133830225326,54.492107603379765,14.139735807545936,1009.859345147922,Cloudy
2022-08-10,23.009249376524686,81.46197501516916,24.109853780375897,1017.8631805931892,Thunderstorm
2022-08-11,22.390328698870555,57.643591362789735,17.696762726025142,1013.9687590675545,Cloudy
2022-08-12,22.18498336982413,51.82886718230243,11.901769176068262,1009.9666599878877,Cloudy
2022-08-13,24.367409264389018,77.04961877062205,6.492387521995826,1014.4265713764227,Sunny
2022-08-14,24.806927825974633,61.501698739889164,12.366650163446572,1006.1707601765389,Rain
2022-08-15,22.82373328757096,76.8971946115964,21.901566865412182,1019.353825241823,Cloudy
2022-08-16,24.938228408170595,55.85403999713388,8.498680663735902,1004.8071239216872,Partly Cloudy
2022-08-17,31.072067551361137,48.747578610142135,24.839383824212995,1005.0766940484731,Thunderstorm
2022-08-18,27.515173169287873,59.117668844436885,23.433359428190613,1000.2709673824533,Rain
2022-08-19,24.869139045983324,44.007121956511305,5.233866409480646,1007.1390061218428,Cloudy
2022-08-20,24.634340863530948,58.53569792308288,13.92121849859916,1011.0099459938485,Thunderstorm
2022-08-21,28.18990157383036,44.97894682778762,12.693206282712051,1006.665918492684,Cloudy
2022-08-22,34.349758256912104,65.2699678924574,16.291588604954015,1015.9741759312482,Thunderstorm
2022-08-23,24.90896597577095,63.25898119391309,18.779932744189622,1000.836734996563,Partly Cloudy
2022-08-24,30.3045652875309,64.86521222257548,14.077176021312702,1008.9823592040386,Cloudy
2022-08-25,25.645671867739154,88.9356907199558,13.273217726248113,1008.2432709463303,Partly Cloudy
2022-08-26,23.984653323263235,41.872849883526925,23.6375317843948,1009.0480472252164,Snow
2022-08-27,21.382023566360232,72.59668270249716,23.192035133012364,1002.6173255894737,Thunderstorm
2022-08-28,30.877652317549604,62.30958849794263,20.689490333958638,1015.9529559896185,Partly Cloudy
2022-08-29,28.845847497266483,43.540371510453774,12.422034528866238,1008.8943772274071,Thunderstorm
2022-08-30,26.024554990370785,45.164029867886924,6.320238337410209,1015.3412294331531,Rain
2022-08-31,30.696641498828875,40.150916004515224,24.10603953454677,1019.6913364175176,Partly Cloudy
2022-09-01,20.62208136335676,79.01234143132939,19.52082849237688,1004.9514515327384,Sunny
2022-09-02,34.04975647198894,51.07596459215338,5.197392699639929,1017.8514141162518,Rain
2022-09-03,32.392234937051285,51.036784687629265,5.82466415554828,1004.720765585233,Cloudy
2022-09-04,22.963650748059877,62.64342203177739,23.521636648735157,1006.8666492140991,Partly Cloudy
2022-09-05,24.833275487778373,50.60223529743409,17.47772458748843,1019.0397778325561,Partly Cloudy
2022-09-06,25.094545891271732,70.70829773454602,9.54544735089797,1012.4343912013779,Partly Cloudy
2022-09-07,34.60462931133888,71.5682845206984,17.033859721588986,1004.0970134336454,Snow
2022-09-08,25.899298256076765,47.093773765349596,7.32176174244149,1019.4232632962824,Thunderstorm
2022-09-09,34.623509119392594,88.56403652103668,11.064599670544071,1017.8276967535697,Rain
2022-09-10,29.03998509162694,47.73945774554005,24.008726979869515,1004.5862322989861,Cloudy
2022-09-11,23.746402509399374,87.14485365867164,11.527255501481182,1010.748842191654,Rain
2022-09-12,20.219810984264246,55.81868268966939,7.0270439701274885,1005.9892155327425,Partly Cloudy
2022-09-13,34.20030097122948,68.44216609537668,12.05033399036936,1001.4995859074988,Sunny
2022-09-14,34.13848425975742,52.25254968553918,14.170809943366319,1002.5017916182492,Snow
2022-09-15,26.35183655179413,61.15423372112688,13.05430391654912,1003.2417658027255,Sunny
2022-09-16,32.96804956310636,75.69666503726613,24.29645607816789,1009.284238564179,Partly Cloudy
2022-09-17,28.38105152261241,47.86764770891508,11.739330320301528,1011.7737500512412,Partly Cloudy
2022-09-18,27.1446934436092,88.50224148679524,10.59118381155292,1004.1312756230268,Thunderstorm
2022-09-19,29.934096838662363,75.31285068384221,22.94674183861102,1018.0934974263788,Partly Cloudy
2022-09-20,21.00583275353935,64.57503706233253,14.801793549373786,1011.398261492845,Rain
2022-09-21,33.64312346175642,82.03312202379881,20.53292047226129,1009.1951738805127,Thunderstorm
2022-09-22,20.279104222761344,58.64093164201576,5.6082337212592765,1010.6582378793404,Thunderstorm
2022-09-23,32.66198065403073,55.87459963433158,15.645687273355396,1010.134771536808,Thunderstorm
2022-09-24,29.10963999065971,40.11012905166657,7.317482109581112,1018.3749806273174,Partly Cloudy
2022-09-25,26.80310428392248,51.40366596174031,15.70636692542515,1010.3363306893398,Rain
2022-09-26,22.758205054408844,69.23605181686884,7.031157330094214,1004.7708947543899,Rain
2022-09-27,27.916726614783855,63.31082416489225,24.739360256041248,1006.1222931507709,Partly Cloudy
2022-09-28,21.065514396267876,62.938158600854294,24.209085613025685,1000.9271490450526,Snow
2022-09-29,21.030333949935425,65.89135174256084,7.274234111530089,1009.5382964179904,Sunny
2022-09-30,28.231493117848743,50.95613939043249,23.49133302447505,1014.8087032549124,Rain
2022-10-01,21.654384399803345,71.0293817745047,22.822035110523974,1006.7944554414474,Snow
2022-10-02,22.45752770440388,72.97656289719531,19.374530352668415,1007.4627952704061,Partly Cloudy
2022-10-03,20.134397629348566,41.39386166202315,14.920746649256895,1017.7239118905959,Snow
2022-10-04,26.786251589839637,74.15766867965586,6.231993516133711,1015.0001161622292,Sunny
2022-10-05,22.167063401724242,41.94457100496096,24.21008330161477,1008.3953726706467,Partly Cloudy
2022-10-06,32.18752037586094,74.50196971963138,7.578620900940427,1001.0155273978694,Thunderstorm
2022-10-07,23.385295258172846,61.83760685776269,19.645980566373137,1014.7403015018733,Partly Cloudy
2022-10-08,22.57181332876143,68.76091936151674,10.030832361568097,1013.1626378016564,Snow
2022-10-09,26.836517846995374,86.00506848152497,19.89714255608841,1019.7013343413049,Sunny
2022-10-10,28.042910243312637,63.712914649821556,20.739123676656412,1009.2882644095818,Thunderstorm
2022-10-11,30.781090251722567,78.84402750837171,21.3395106444396,1009.6885433792544,Snow
2022-10-12,20.976016988180568,88.01925257372454,17.09702651002018,1018.4552322562139,Rain
2022-10-13,28.204578811367796,55.014224723643814,11.747990114624635,1019.6488900411081,Thunderstorm
2022-10-14,31.117177761438505,41.49118827911941,17.22558551464065,1011.7896081647544,Sunny
2022-10-15,24.983143240501366,43.1996452658113,12.311655952563571,1007.5744544698346,Snow
2022-10-16,26.168873441833796,51.659233660534,17.747751457111686,1001.4732641844556,Cloudy
2022-10-17,30.142772238181646,81.80175588516437,13.490832081261651,1008.5472660586577,Snow
2022-10-18,29.069862103600563,57.1447968050656,16.30051822172352,1016.8139858434848,Snow
2022-10-19,31.48410909831396,77.61314000278794,7.763773556897043,1010.7866358897555,Rain
2022-10-20,29.279232806177205,47.93683766242159,15.593195752406553,1016.9139101461365,Rain
2022-10-21,27.31548367763197,60.303320839400484,6.366641903086718,1013.3934216488011,Thunderstorm
2022-10-22,32.62651102538543,65.02127810935842,20.799260295241506,1010.8480028805266,Partly Cloudy
2022-10-23,22.782956758545435,79.8925607029447,5.797126772273411,1009.1868738746675,Partly Cloudy
2022-10-24,22.5480095046735,45.62671344918717,18.13029330216633,1000.4890827536324,Sunny
2022-10-25,27.49216301915375,69.68097146700887,21.005058900145876,1013.0226384585796,Partly Cloudy
2022-10-26,34.10186025054168,78.89463298128412,20.559249436479075,1017.5037609747159,Sunny
2022-10-27,21.588297984405745,48.81034888618784,11.423961356415742,1002.0572465036032,Partly Cloudy
2022-10-28,32.43355866302738,60.680981631260416,18.22940349373592,1001.04602666086,Thunderstorm
2022-10-29,26.5549573434532,53.90077422762307,19.000280742572357,1004.9997150941741,Snow
2022-10-30,20.1923352816117,46.11169793794426,10.480894096123876,1009.1435733833903,Snow
2022-10-31,24.130881655065355,60.97785733245408,14.801793415839873,1016.9259494504305,Sunny
2022-11-01,22.661161585143496,61.04224692947082,5.900245806923772,1013.1135722545328,Cloudy
2022-11-02,21.204293392622894,63.11937168414789,13.033103381636042,1001.5911053663968,Cloudy
2022-11-03,34.336211281668476,73.58901923060003,15.65597511493399,1006.4213642607076,Partly Cloudy
2022-11-04,31.471914287920796,80.65593918819772,13.692734083723767,1009.742798993018,Sunny
2022-11-05,23.879277705660666,48.51874364627129,5.651551204013224,1014.1896103459043,Partly Cloudy
2022-11-06,23.999018249335258,83.78184881298607,17.313204973029073,1005.075232314079,Cloudy
2022-11-07,22.048811178736095,59.65936729776104,11.934716047253266,1011.8935716464869,Thunderstorm
2022-11-08,32.81116876494464,62.12344176743521,7.773128343858922,1016.1063037905241,Partly Cloudy
2022-11-09,20.60038754068256,40.77192663392017,24.946743283344755,1004.6136161388484,Cloudy
2022-11-10,22.63211639728221,66.32823873838008,12.163190876971077,1006.587170723755,Cloudy
2022-11-11,20.582270679550096,49.37681921589344,13.747842581260967,1010.3401305894444,Sunny
2022-11-12,21.47335425787726,63.00622087561245,21.10055300920463,1018.3624004884773,Snow
2022-11-13,30.85010498882128,84.89659921696042,17.79888922733892,1010.5673205434407,Partly Cloudy
2022-11-14,22.482408905989693,58.02459802273498,11.889647876575184,1019.8623550090574,Partly Cloudy
2022-11-15,25.39314448597637,64.5261644875527,13.219822550482585,1019.0082689391184,Sunny
2022-11-16,23.148933304445904,44.42682380489971,20.437462471122032,1004.3066941647203,Rain
2022-11-17,23.523578651188085,74.63266673047758,15.537171578181857,1005.5357472233648,Thunderstorm
2022-11-18,25.088332379760757,67.12502224626076,22.864318696516673,1002.7183351708306,Sunny
2022-11-19,32.02710906331419,55.04388744440211,8.857907410977838,1014.1269985565083,Sunny
2022-11-20,25.24633795531527,68.03244856341446,7.7015343578386775,1016.5437176398009,Snow
2022-11-21,23.30086027572932,50.64646971087897,13.40365635442788,1009.5881673244703,Snow
2022-11-22,32.22654047343302,48.56504366144779,10.977161367706916,1016.1582090341019,Partly Cloudy
2022-11-23,20.360182227105525,53.987959695834704,23.250396787828997,1007.1682207740159,Rain
2022-11-24,23.375010214199467,40.81182724535128,7.587692850451959,1012.5461935992953,Thunderstorm
2022-11-25,34.64373225172688,70.9539301208459,22.5089021010664,1007.6658919672551,Rain
2022-11-26,25.20156322703999,79.18614539811057,10.418483678836203,1011.9020892143169,Rain
2022-11-27,25.970105469037208,53.861761843511445,19.676248218055584,1004.4708599950565,Partly Cloudy
2022-11-28,27.20334378904004,79.54547714536486,7.332616713642364,1001.8795794794098,Rain
2022-11-29,29.07542635424813,63.94102177450976,21.400208235295587,1003.2192398173746,Rain
2022-11-30,32.809861126209135,88.06534078540659,15.449700639348706,1019.2019443537438,Snow
2022-12-01,25.364635036490792,42.80239867963314,12.947308957129861,1013.7581928879686,Thunderstorm
2022-12-02,24.617131917463304,42.00582869708188,6.430812389174321,1004.5425195098495,Rain
2022-12-03,31.589673928331166,43.65110038459879,19.598361670924778,1009.4919237771534,Thunderstorm
2022-12-04,26.310006716131177,60.50378396757432,17.743411612298182,1008.3259307765384,Partly Cloudy
2022-12-05,31.38450118653077,75.5494423916168,15.648902994675707,1000.5760845522756,Rain
2022-12-06,33.12577329362148,46.298343504058934,19.864035193344105,1019.2841478665206,Thunderstorm
2022-12-07,22.14837322206986,58.302426453331144,23.190615495366387,1017.5908455073808,Cloudy
2022-12-08,30.650581560173258,50.20209579002058,12.927266034524472,1007.2198848309829,Thunderstorm
2022-12-09,30.62311671306674,58.48172270030756,14.438581638425127,1008.5487389197916,Snow
2022-12-10,29.684216706475922,41.900077301558234,9.171300443432992,1004.8335107703672,Rain
2022-12-11,22.867943186374653,78.68706863586158,12.939565861836662,1015.6020621280928,Thunderstorm
2022-12-12,30.97714401423096,86.53892859828983,10.957197021303752,1011.0712310948913,Snow
2022-12-13,26.9884768150369,54.90786189929352,21.472838602715267,1013.2988744708177,Rain
2022-12-14,20.002087885138614,52.451999463346,16.009328161631856,1006.3863042201342,Partly Cloudy
2022-12-15,29.06485907319776,83.59354356186579,20.534236379050967,1018.4457502416602,Cloudy
2022-12-16,34.44633184627493,67.55767249964542,7.43599880450261,1008.5412339308804,Sunny
2022-12-17,26.23148308665085,43.16380123202841,10.691374715427443,1014.5530469837252,Thunderstorm
2022-12-18,34.631957894162625,40.01804344504986,22.377851871020507,1003.8484377435977,Sunny
2022-12-19,24.191347179415054,61.038336806250165,5.888361868794045,1002.4341741833255,Rain
2022-12-20,29.97812693536372,62.89533781028287,20.03053696894654,1019.5993107117175,Cloudy
2022-12-21,31.19825242256833,62.08474546972791,11.911665233441093,1016.656338476103,Thunderstorm
2022-12-22,33.13412302927023,86.56221618601207,15.96648443143936,1000.1478255403057,Partly Cloudy
2022-12-23,26.259429002333,42.22924508947438,16.367210826338116,1015.157653031387,Partly Cloudy
2022-12-24,21.77728287279794,64.16281949425074,13.37099082375781,1006.6525770634462,Snow
2022-12-25,25.474684936470037,60.39583064837725,7.57792579244406,1002.6774134959536,Snow
2022-12-26,32.11988718297875,64.79495099733937,23.002410614425965,1016.1396639514808,Partly Cloudy
2022-12-27,29.949099715933514,79.41268995926883,21.583465034826766,1000.4876733423483,Partly Cloudy
2022-12-28,28.600264157379033,84.9593442552409,18.039419806639216,1002.3517655499584,Sunny
2022-12-29,20.71850681638819,75.98982652087166,19.4667659967848,1015.0396583816499,Sunny
2022-12-30,20.19781571610987,83.45047880528584,11.385751204702048,1003.5709838776916,Partly Cloudy
2022-12-31,34.74156413100524,73.20008105922548,11.617356419772962,1011.2650818571108,Rain
2023-01-01,30.952357411896593,86.28244346376064,16.772851594821645,1003.4443253745824,Partly Cloudy
2023-01-02,23.968372581580745,47.52834658062689,17.124055474887964,1004.6499683271685,Thunderstorm
2023-01-03,22.14095565265219,44.262375591913056,11.243683784278556,1003.2878511581268,Sunny
2023-01-04,24.756122651535495,44.07072169900103,19.686295306086162,1018.548767938426,Sunny
2023-01-05,28.52522747695948,87.45610615071145,11.380095814288838,1017.4570288433584,Rain
2023-01-06,21.605389710402264,47.03227845826916,10.537151393387363,1018.0971053995335,Thunderstorm
2023-01-07,34.71099349750118,70.97827991069956,9.877842508194743,1014.1277346484994,Rain
2023-01-08,33.9546440585332,65.89800690475123,18.259888492468136,1003.8646970359587,Snow
2023-01-09,32.24277097428827,64.20458710964135,14.377786112773258,1003.6126553661544,Sunny
2023-01-10,33.04370777035985,81.45125307453296,9.915348762881624,1012.2691621825131,Cloudy
2023-01-11,21.489724482259057,81.1826757946915,16.799281955816234,1015.8725595942404,Sunny
2023-01-12,23.733819363341595,58.84837928147232,19.453226581687826,1012.525187269398,Rain
2023-01-13,24.78253354930842,84.25393752723798,9.331830052261571,1003.5357572209792,Thunderstorm
2023-01-14,26.329394817241734,51.39318425008406,24.92954744405885,1018.0538986083677,Thunderstorm
2023-01-15,26.4648750013407,81.80009373731204,24.940915944824855,1016.3429590490599,Rain
2023-01-16,26.05717193836317,69.2254676550846,21.05761705573058,1004.4324224513398,Cloudy
2023-01-17,27.40561144927734,76.23588319794922,6.0374835258263,1002.1140634863981,Sunny
2023-01-18,26.638837141932324,65.3200945007949,12.13779057378421,1011.1937471600482,Partly Cloudy
2023-01-19,24.111104134482535,51.92112529669021,23.872325663860295,1015.1904178730053,Partly Cloudy
2023-01-20,27.843956510239224,53.51519708031702,20.29193123438446,1004.9918382810174,Partly Cloudy
2023-01-21,29.319960408249514,77.58474900454841,7.506185444785929,1019.2323784033088,Cloudy
2023-01-22,23.387243851710117,81.87967679783722,7.709560429802238,1005.0989982163152,Snow
2023-01-23,33.97236638465216,44.026904222165385,6.537561767960418,1002.7466225136768,Sunny
2023-01-24,22.264748354403896,51.42802372324889,11.321569108903862,1016.970284732845,Sunny
2023-01-25,22.59656989084887,69.93879479947731,11.759700263305513,1002.3449202131414,Cloudy
2023-01-26,34.19073202022847,77.45364438933053,21.66646853496608,1013.6650378123285,Rain
2023-01-27,28.970329517860243,83.73385519697888,10.047484578009438,1009.0022728738434,Snow
2023-01-28,34.59240711104681,89.68559166025457,9.755848857664107,1011.1246232285106,Snow
2023-01-29,26.729721620396482,66.8854886300604,12.00615025908707,1011.6643019359734,Snow
2023-01-30,25.987418478834233,76.24987895036479,24.335249637763336,1004.816198795969,Snow
2023-01-31,27.110020590365487,50.674357178917184,14.212789280140667,1005.4414565611496,Thunderstorm
2023-02-01,20.369773993212252,42.28715139232701,15.578328350438133,1001.7539857930308,Thunderstorm
2023-02-02,28.776266108342607,81.17318020373816,5.8207014192808115,1001.9403425604802,Sunny
2023-02-03,32.53626714975664,48.370997241435035,21.26578424209194,1019.0919709119692,Snow
2023-02-04,28.250212576805264,63.547239897447255,7.76839263014393,1007.313831411303,Thunderstorm
2023-02-05,33.953344320525886,68.69001809999563,13.762308603625153,1015.6182771555735,Snow
2023-02-06,33.37655783325978,85.15725132583853,7.275889850829165,1007.6188913830183,Cloudy
2023-02-07,33.83586115289789,78.27782873285668,13.647955383308458,1003.221881204191,Thunderstorm
2023-02-08,27.08014340928559,89.4977767358316,23.03272253774476,1002.3593400634021,Rain
2023-02-09,30.11845403900179,46.47617800895412,8.853047637773923,1005.9284232088703,Snow
2023-02-10,29.708875563921005,78.95235391430752,20.17768858894642,1000.5491630974058,Rain
2023-02-11,24.479459754681343,75.00147787899226,14.403909817575107,1001.7954761115162,Sunny
2023-02-12,24.67631605552402,52.024700297659,6.685666623509103,1014.1234621654436,Partly Cloudy
2023-02-13,32.32409402358623,57.306566002098556,21.601474751189293,1007.11448136954,Thunderstorm
2023-02-14,32.675688954945905,58.23065365451545,6.150056605492962,1014.4144695081092,Snow
2023-02-15,22.507415020399446,47.91491437647533,13.924191515296272,1004.4286597942114,Cloudy
2023-02-16,29.577610203026296,74.3130398012868,15.142123093506063,1015.6830973592889,Thunderstorm
2023-02-17,20.906287404430806,40.635739535542804,14.403549624630587,1011.6587247198862,Sunny
2023-02-18,21.83642157066324,89.8079982198264,9.0066605050162,1007.4891790381863,Rain
2023-02-19,21.88386916079566,45.50502967994239,8.579381273965039,1018.5621728690053,Rain
2023-02-20,27.540416122467803,63.438478130932005,5.482807903500926,1007.1716401906327,Partly Cloudy
2023-02-21,29.518745151583946,51.83041560270683,16.253011210180954,1015.355800143379,Snow
2023-02-22,33.43487221166242,48.07292676562991,9.212129652804306,1017.4149565660238,Sunny
2023-02-23,21.499260672803434,73.03106684262481,21.87614242199079,1011.0391320878911,Cloudy
2023-02-24,28.330285642052466,77.18901789337698,5.266205834114253,1000.9861836609907,Sunny
2023-02-25,32.60128628868899,46.931537901698285,8.183849679365826,1000.492782239039,Sunny
2023-02-26,30.497287953578805,67.56277092989971,21.807433883021233,1013.4280811577704,Cloudy
2023-02-27,29.970236756928045,48.70211899294945,12.512850334051413,1003.2379925050363,Cloudy
2023-02-28,20.052490039281746,71.37018572633909,18.78046946921666,1017.7417424472462,Partly Cloudy
2023-03-01,33.45554393294627,74.66609065782606,5.328433699205004,1010.7231964275298,Rain
2023-03-02,32.703171154137735,49.40525669178957,5.288776922440879,1019.8925547639916,Partly Cloudy
2023-03-03,24.756953751940294,72.76018039489205,12.93301668171635,1000.1123510322186,Partly Cloudy
2023-03-04,31.220810099626426,75.84328232656009,23.15872147662775,1015.5875054845674,Cloudy
2023-03-05,30.188535989542615,57.07876531900486,18.639561370369314,1002.0568355307262,Sunny
2023-03-06,24.325455988829795,85.2632522092194,6.148291446303964,1004.5118605197804,Snow
2023-03-07,29.26182765511883,83.51160380705326,7.479948684958417,1001.1224767882482,Snow
2023-03-08,29.947645534104346,75.79378623440368,16.969436247058866,1013.704457787266,Sunny
2023-03-09,29.215633360286155,71.84762204233074,13.594423046186936,1000.399788226506,Cloudy
2023-03-10,32.818129654910585,86.97938564170347,7.297985471714892,1010.5561117761024,Partly Cloudy
2023-03-11,34.25687392334787,89.3594859356329,9.39132700399898,1005.0091925071088,Thunderstorm
2023-03-12,30.003278358008867,88.46965018248375,8.90529700838837,1005.2956235216865,Partly Cloudy
2023-03-13,24.673756233852394,50.515909351342685,10.981287136345813,1012.8208742020707,Cloudy
2023-03-14,30.026080738248133,47.400003782519015,17.004952252695983,1016.4262764955313,Sunny
2023-03-15,22.788948606386477,56.13107864269735,10.040624514013272,1014.6059451553076,Sunny
2023-03-16,27.184553517386227,40.80226078276119,16.621244303946536,1004.8175799208074,Cloudy
2023-03-17,27.131264313723165,41.316970191261404,19.6106847775955,1013.8189841323681,Sunny
2023-03-18,26.66557591164767,44.424233003094685,11.048433777851008,1002.0880853491635,Cloudy
2023-03-19,30.450672674518685,43.347276018867746,20.595540347893508,1019.6956826054126,Partly Cloudy
2023-03-20,31.68611177135182,76.82971771329031,8.993830729678901,1008.7960953689272,Partly Cloudy
2023-03-21,26.789122337886027,48.74569373017317,16.393662013465065,1017.3259783096718,Cloudy
2023-03-22,24.652382670709716,80.05254454392556,5.3081387302036305,1018.7355019141363,Sunny
2023-03-23,25.41114200746423,64.05209561642651,6.972477103681422,1013.5014729386525,Rain
2023-03-24,22.187859799753163,47.51677357380882,24.99791536320858,1014.5993142498347,Partly Cloudy
2023-03-25,25.439403183655052,41.11962251549276,13.201455529965218,1012.5434320363108,Sunny
2023-03-26,25.187893976055317,88.25116222240541,19.34972434025596,1001.5629750188622,Rain
2023-03-27,32.95008388350125,61.56024923431657,9.740468668505502,1017.3925286078295,Snow
2023-03-28,26.0132710743491,52.89910277445532,12.166567542121578,1019.4226568646993,Rain
2023-03-29,23.2733393016811,69.12270543980179,20.511335078199146,1008.6614838611035,Sunny
2023-03-30,21.016171297776555,82.96427413470559,8.509794161349213,1008.757066193995,Thunderstorm
2023-03-31,23.273390578470394,76.12431642466167,12.157096079850474,1002.3326238461839,Cloudy
2023-04-01,29.152266493698917,76.73507586539063,19.662304439187235,1004.3984703079464,Partly Cloudy
2023-04-02,30.90907957784504,87.7688089651216,24.366654688032614,1013.4222826914827,Snow
2023-04-03,20.63117947119936,64.95014671971089,10.700271230827338,1003.9456096174183,Partly Cloudy
2023-04-04,20.96592083105907,73.23409892911928,6.722865653274472,1001.2154123057139,Sunny
2023-04-05,22.965355334406432,80.96135166014845,13.62120915851942,1008.1032075946154,Rain
2023-04-06,34.95053276918894,75.67043330765657,11.109559080685402,1015.165342754298,Snow
2023-04-07,33.43130526558229,40.47390013118469,8.156499382861647,1007.5733669576878,Cloudy
2023-04-08,30.34090312872288,43.393531176799094,17.21492332347723,1016.6149125519764,Rain
2023-04-09,33.59903972041539,73.0505657452918,15.341145987524133,1010.61125248995,Cloudy
2023-04-10,24.07978818805925,87.66057467125736,22.296922714842545,1000.955630728007,Thunderstorm
2023-04-11,29.055408271997976,48.48921296277794,11.934492785552175,1009.7651281643723,Partly Cloudy
2023-04-12,24.72643159685033,83.86705859672783,8.345579849077534,1019.7190733507358,Sunny
2023-04-13,27.90147977254893,78.45682623057935,5.949781641785366,1016.2524475561048,Cloudy
2023-04-14,25.123237594649723,58.16683096962028,11.242157597178139,1015.8303134912258,Snow
2023-04-15,25.94704057052663,48.072435447330676,9.783002260116351,1003.1086564426472,Snow
2023-04-16,26.253836818081027,64.94067882497737,8.75187536663077,1008.6969467525523,Sunny
2023-04-17,32.089264456620484,78.16398230506519,18.284253350654105,1007.4758056680271,Sunny
2023-04-18,29.204701383866404,40.817271684193614,22.376879382939464,1004.6738760017769,Rain
2023-04-19,23.806804139100926,40.65399336735184,15.20515543549437,1018.8151672169219,Snow
2023-04-20,21.050214230984587,78.95973603626467,19.76788230430349,1015.7514125469787,Cloudy
2023-04-21,23.06505464825799,83.11479571278129,21.74245899970289,1009.1110932902292,Rain
2023-04-22,33.955006999047136,46.51216990069267,16.12233896277842,1010.0728792744525,Thunderstorm
2023-04-23,27.716813724745002,56.75508032069895,24.392996491850425,1010.0423232592575,Rain
2023-04-24,27.28285096414482,84.92177905609128,10.614137894789764,1005.409609826981,Snow
2023-04-25,28.70695113737174,62.108984205983056,21.328464403755785,1004.5074069053748,Partly Cloudy
2023-04-26,20.873545755551415,69.51579556093893,16.991537997792562,1009.270442032707,Rain
2023-04-27,33.00206968058045,88.29287048196157,16.045412838474107,1002.1767135080605,Sunny
2023-04-28,29.69674904381175,81.73496867863983,23.193897005119677,1014.1480107786213,Partly Cloudy
2023-04-29,21.307362543760522,55.57598685665393,15.966411840568192,1009.4794644882935,Sunny
2023-04-30,25.653634312469272,61.62186844822172,5.475903699291839,1001.7852932427759,Sunny
2023-05-01,31.102879023738204,82.85732246062432,19.27731257319045,1015.2117948051914,Partly Cloudy
2023-05-02,34.2529590288067,81.22556493462116,12.006488370202064,1015.2434581283004,Cloudy
2023-05-03,30.83083744073872,40.94518898072607,22.382485062599983,1001.1277296510501,Snow
2023-05-04,27.414717153781446,72.20342110195,12.334700416958606,1016.7290025993237,Thunderstorm
2023-05-05,32.845780239166835,83.59193140075126,22.64196991147781,1008.9497675095456,Cloudy
2023-05-06,24.437250181118245,72.12365958948996,17.324049123398005,1009.0792069571538,Thunderstorm
2023-05-07,21.51112487151384,80.43551188697722,11.235055414721167,1018.6670637953341,Thunderstorm
2023-05-08,22.350446171304228,87.31697796225102,22.79163122608487,1009.1735983918693,Cloudy
2023-05-09,28.295156294825663,77.4990644490263,12.720522341332572,1000.929906859343,Snow
2023-05-10,28.54654193608185,70.31009993205383,18.797566228483724,1009.8303619085169,Rain
2023-05-11,30.202984819492173,40.1147812191752,9.471171284724909,1005.1146257272281,Rain
2023-05-12,33.11840339704535,83.20712857865993,24.720258806326864,1006.7932946141017,Rain
2023-05-13,27.076445881620717,59.436508810449126,18.806800680794733,1008.5322798277053,Rain
2023-05-14,23.15300878109487,83.19461320032156,23.70774448541059,1003.3794957614546,Cloudy
2023-05-15,31.189048993888527,40.224508606208744,16.12005791153345,1017.2687710483323,Rain
2023-05-16,29.78672390098709,83.82688413514282,23.839684899122943,1018.1467881937372,Sunny
2023-05-17,20.776969434453704,77.81690925344958,18.25371636424238,1002.0126615490777,Snow
2023-05-18,34.735027099898424,56.20395972736024,17.106971956448053,1007.2113872235669,Sunny
2023-05-19,24.447605201987777,43.414614262036395,15.280913050056544,1005.765683516768,Snow
2023-05-20,20.290506377181995,67.21488933105965,12.547597983148886,1017.8538795054178,Partly Cloudy
2023-05-21,29.0420036100524,62.01111165820993,5.193477385483951,1017.0857493075882,Partly Cloudy
2023-05-22,34.85909932360171,56.84850592285397,7.907662630670654,1017.7622806542194,Cloudy
2023-05-23,28.547333741723044,61.30900195855525,23.510580523793635,1001.7980887738559,Cloudy
2023-05-24,27.949229714686606,56.07086509373826,9.213802999354785,1006.1244812923659,Partly Cloudy
2023-05-25,28.196198534482715,41.04908957697051,5.597603940822338,1002.0149637376916,Cloudy
2023-05-26,28.42122144757129,50.89838174723442,17.138716237237794,1006.3715470393842,Cloudy
2023-05-27,25.977869002548644,79.68910322614823,8.79776373705676,1010.2449405608044,Partly Cloudy
2023-05-28,32.62098264725163,87.07680420615478,8.850532058708776,1001.7512466071723,Rain
2023-05-29,26.15229465016592,75.07646420294495,22.988636449229375,1011.4135078194837,Partly Cloudy
2023-05-30,27.906675092265136,84.81882445354927,20.077019847357974,1003.2401037710807,Partly Cloudy
2023-05-31,30.156185802864538,69.48026232948067,7.792343652751812,1012.2596317590295,Partly Cloudy
2023-06-01,34.82161267020328,62.21305867933056,16.440763468822176,1016.071261984016,Snow
2023-06-02,30.744219941484026,82.50577031213867,22.395020964278316,1008.0803491077943,Snow
2023-06-03,25.749857541695864,81.93857070881347,8.49404645990958,1012.3799424839684,Rain
2023-06-04,24.196691583704517,58.57063159082784,19.69045083153845,1002.8297204496807,Snow
2023-06-05,20.678676662907364,45.98190656661253,18.527974990623072,1009.093910630356,Sunny
2023-06-06,31.89703072624883,53.96979818835561,6.4667375045991005,1006.6785690788412,Thunderstorm
2023-06-07,21.697883666776107,64.19477266940174,7.909009995206757,1004.3928073961268,Partly Cloudy
2023-06-08,27.02557259264418,68.96470935684393,6.1737818479580415,1010.8818502359027,Rain
2023-06-09,28.333781196561983,72.2626845040698,6.521448289874394,1018.9769215608615,Cloudy
2023-06-10,26.40558179689632,57.89418139648461,16.685189857859083,1004.7386549920453,Sunny
2023-06-11,31.63050135661717,53.251870881079505,16.769746276133485,1010.5817597619937,Snow
2023-06-12,23.531573559714715,42.751899705817436,8.067939876906403,1008.30548733417,Sunny
2023-06-13,20.57906698709672,70.26640003231543,19.766871728999938,1007.7593135687436,Snow
2023-06-14,22.071670038533988,76.97449692323748,19.72414709040548,1002.7598825230193,Cloudy
2023-06-15,23.228335968850487,87.165754376548,9.787527862598566,1002.9876706513057,Thunderstorm
2023-06-16,22.09765453839594,59.294105312961776,14.002102900816542,1006.1741758098424,Rain
2023-06-17,28.36472592131223,62.440520735145626,14.107185561808658,1003.0406795203371,Snow
2023-06-18,32.66377504915434,55.212089745400206,9.6609044307332,1002.6325662150041,Cloudy
2023-06-19,23.93934192304227,50.7131699178189,9.733066271194527,1013.574566847758,Cloudy
2023-06-20,28.947297303966998,47.97578207782361,14.697637663697842,1016.5083356954693,Sunny
2023-06-21,27.90632793469341,84.81251316562103,16.474525222526683,1019.2618325828482,Cloudy
2023-06-22,20.373869706007323,70.52665034548477,21.310435375906412,1004.9239247412207,Partly Cloudy
2023-06-23,23.216944482635768,85.92687292525935,17.842414046812884,1009.1429833973236,Rain
2023-06-24,23.93325278770864,52.65760781639564,17.44554460869314,1010.959546616477,Rain
2023-06-25,21.040641869148043,70.84956448565109,9.98089862365858,1011.4932894829428,Cloudy
2023-06-26,27.297679733774135,68.97448691400936,20.81151050865703,1009.940390034498,Rain
2023-06-27,23.61675153866821,54.468056456652405,22.667927714657978,1014.8324922261046,Partly Cloudy
2023-06-28,32.13130176264843,45.40390381851277,22.974412582389977,1004.6061638071787,Cloudy
2023-06-29,28.332680226779935,77.2047443667519,10.64869207658355,1013.9505756607576,Snow
2023-06-30,21.388929946666433,46.08514890914614,12.905689961322842,1012.8602826993165,Sunny
2023-07-01,20.333124643959607,49.35182548378212,14.393861086946249,1006.0870446666752,Partly Cloudy
2023-07-02,30.475537443333884,43.24696595365398,23.915953282971042,1010.1550649294944,Thunderstorm
2023-07-03,27.36252689229796,87.93556206684912,13.622277150998707,1013.4602229654499,Snow
2023-07-04,25.018800739772733,42.253113311581274,9.162447332403724,1007.873937881786,Thunderstorm
2023-07-05,26.103239010617486,61.05987480881549,13.053818678764578,1003.5159667239238,Rain
2023-07-06,26.49430904483185,82.72438851840047,21.257453401416278,1000.1536644150079,Rain
2023-07-07,21.885310069970398,62.4979401857228,10.234774163080996,1012.0435507093495,Rain
2023-07-08,32.297599307236844,80.93104474216224,17.671822990266786,1008.4027072562136,Cloudy
2023-07-09,27.85317439717809,41.54065178194789,13.710791927448883,1005.9631581081501,Thunderstorm
2023-07-10,27.577738306796768,88.25908167572732,17.632905636525948,1006.6724643065594,Sunny
2023-07-11,22.26750766843378,79.12666750912655,7.4799903116471,1011.6075275436099,Sunny
2023-07-12,23.74378417409452,85.45220625971517,9.311799768073888,1007.3998392657111,Snow
2023-07-13,24.662549799501416,79.39859120074587,8.045297230138953,1004.568911878023,Cloudy
2023-07-14,26.324996992516592,55.69957822824166,13.50698879211068,1004.3336939460365,Snow
2023-07-15,33.16564378060737,53.63599788061834,23.902538223994583,1004.1945324931436,Rain
2023-07-16,30.491275547211593,57.68874594365763,22.067864322443718,1010.2048507168834,Partly Cloudy
2023-07-17,25.633451348918843,85.99017286022897,20.21293025803421,1009.9428468053735,Sunny
2023-07-18,33.44918550442511,43.799914122417334,19.717434284623003,1018.8898562506848,Thunderstorm
2023-07-19,28.378811176619607,69.0752789580172,21.77806090001487,1000.1471825857768,Cloudy
2023-07-20,32.58365035457534,61.12586764649683,12.696488709650083,1013.4753967750684,Sunny
2023-07-21,21.031242883189247,75.15070284275652,8.413963684885111,1009.7512001832031,Snow
2023-07-22,28.650476184317956,87.11701481127704,13.922712111901319,1009.1619776198252,Rain
2023-07-23,29.161037193986893,72.41701096779772,11.494411923853253,1005.3808075183922,Cloudy
2023-07-24,21.199837860577322,49.82104336763062,5.594626253854569,1008.1556816333832,Cloudy
2023-07-25,33.76188544835165,44.468108434504856,5.818037372631959,1005.8369221019547,Partly Cloudy
2023-07-26,21.485042651546248,85.97310743525605,11.369540595189232,1005.4771043480881,Rain
2023-07-27,22.62291649747153,77.07763885545997,7.211865499647409,1003.1257689708495,Rain
2023-07-28,27.458081978880426,83.98214772831517,16.921395176993734,1015.7778848586279,Sunny
2023-07-29,20.333020874190925,41.418116974589154,10.624905222144532,1010.2426387155257,Rain
2023-07-30,27.04381569877071,74.57858543756498,15.113678333065268,1000.328693213554,Sunny
2023-07-31,24.991983973653433,46.716082293745515,17.77808807594364,1016.5563764924286,Cloudy
2023-08-01,25.764136411337418,63.37930240654971,21.10622436112831,1010.6521826950437,Rain
2023-08-02,27.052815504368827,72.35403163221352,21.90258064660635,1015.0371206296612,Rain
2023-08-03,28.56453121590065,89.6505249263537,14.23668239446634,1009.0532108837526,Cloudy
2023-08-04,21.877720640032404,71.77874436581013,10.341696597693456,1006.4520126764936,Rain
2023-08-05,22.872030418829056,45.35982186697858,5.800943867889689,1000.8108188023446,Cloudy
2023-08-06,21.106027016779187,75.24089756254399,24.400595301183127,1015.5076433228262,Cloudy
2023-08-07,24.140466608809987,46.645057464089085,21.01059776009311,1011.1097962714534,Sunny
2023-08-08,27.38891521645166,64.06996751732632,21.012427965847024,1016.6247994653237,Thunderstorm
2023-08-09,21.202693181347456,77.96916614206535,18.53410478531692,1007.3417959187465,Thunderstorm
2023-08-10,33.30254378792393,52.31556280154685,13.305233100667804,1006.828860584846,Sunny
2023-08-11,27.811867611582727,74.31154628197046,24.056282243374838,1019.3289931610693,Rain
2023-08-12,30.493032450912622,70.87998988648542,15.86920307580737,1015.5851484532111,Snow
2023-08-13,28.05070282042418,43.375193509741955,19.85424636563996,1019.1426946232799,Partly Cloudy
2023-08-14,25.050588715074085,64.19936440609128,5.476907324305325,1007.0865474887564,Rain
2023-08-15,20.008926959671367,45.97447760344886,9.291407882936296,1012.2782156605977,Thunderstorm
2023-08-16,32.78806989704495,40.03120892794722,13.366935743378772,1002.7371316954133,Thunderstorm
2023-08-17,33.20990088592003,85.0652833728557,7.346186794774116,1006.9364730118696,Partly Cloudy
2023-08-18,25.450957170794588,41.999405555079605,24.24469118010798,1006.6107869547158,Thunderstorm
2023-08-19,30.571594702907262,46.10441067785312,14.59206592365549,1013.4259783915663,Thunderstorm
2023-08-20,32.52291648829428,86.62619456428489,18.144307784944175,1016.492715181258,Sunny
2023-08-21,25.96038139689666,80.04740606041295,9.169987004037637,1017.1075673775988,Thunderstorm
2023-08-22,30.68881457845209,70.03991337845343,13.736355464745225,1010.0670449951054,Cloudy
2023-08-23,34.15285341344813,48.65315339504183,23.51770183716091,1010.5975683035005,Cloudy
2023-08-24,25.060661409259396,87.69610090589185,21.7743674485274,1004.5459225744052,Partly Cloudy
2023-08-25,33.85685978814641,76.59416092119943,8.285190704864844,1002.7448957749436,Snow
2023-08-26,26.131397876198637,58.527019193762015,21.820378192975227,1002.472826525053,Cloudy
2023-08-27,20.066010748343555,80.95693493031052,16.11547326091843,1016.1082835878125,Cloudy
2023-08-28,22.59776290821639,43.5835985894689,11.911918429058836,1012.4999706387779,Cloudy
2023-08-29,23.42025554820955,71.18130319790117,20.732443836616,1013.8852852239813,Rain
2023-08-30,33.32074919181624,75.82229905369233,22.796769142229124,1009.0024609363405,Thunderstorm
2023-08-31,27.426732823319742,77.15204282339954,11.35441302540901,1015.3359780685578,Partly Cloudy
2023-09-01,21.106153011967002,45.66785358317858,7.212064401366744,1010.7664547418893,Snow
2023-09-02,30.54631592618268,68.77847113181001,7.750572920723018,1002.3256347932725,Thunderstorm
2023-09-03,26.429271290200564,41.69450842371731,16.596621997229114,1016.9924405248895,Thunderstorm
2023-09-04,32.732510991647516,47.77275154988025,7.145028126621497,1002.2675759801936,Rain
2023-09-05,33.910537024731624,83.75217878797118,8.80650299269956,1002.7703119519512,Partly Cloudy
2023-09-06,21.130864257077153,58.335329562094074,24.058265734195295,1019.5158765265105,Sunny
2023-09-07,24.26823966253862,86.27332459416667,5.509519596791748,1016.2549533246212,Thunderstorm
2023-09-08,31.422501926111988,73.31676137874013,12.266926508786478,1004.2775389770777,Thunderstorm
2023-09-09,22.864535019489544,72.3200119478663,23.37251105279115,1019.7241873255821,Sunny
2023-09-10,31.469965992763683,68.38934207361353,23.659532015503313,1006.5120961885001,Snow
2023-09-11,22.933496756119983,78.11033182006821,13.061032523603863,1007.2374455947959,Thunderstorm
2023-09-12,33.49820631181345,54.69991526227812,21.21403208681261,1012.6571022566922,Cloudy
2023-09-13,20.163688114542808,44.139116290776784,12.583708723209657,1019.5381898133402,Sunny
2023-09-14,33.38856792368823,57.62450039336005,17.70246149269894,1003.6554726167143,Cloudy
2023-09-15,33.78555369189549,87.51995124331432,11.99012079433794,1013.7116336329578,Thunderstorm
2023-09-16,21.441348374153694,68.11592478403715,17.742850627914045,1018.8607112668501,Thunderstorm
2023-09-17,29.181554511054678,81.48350074460427,20.324939612418454,1001.1217559694588,Snow
2023-09-18,25.538749127174732,46.54987338281604,15.369968160083616,1013.0908694225302,Thunderstorm
2023-09-19,33.817501024866786,70.95976744801578,10.64189978586582,1001.3607294985088,Cloudy
2023-09-20,26.36810066195368,43.46147108225462,20.11693775328294,1004.6485242554035,Snow
2023-09-21,23.828338387443246,83.31962384939673,18.093228653241553,1008.6501077042981,Partly Cloudy
2023-09-22,24.17177007036331,86.82334126994584,22.133249902241353,1001.8110239982279,Thunderstorm
2023-09-23,29.78008470425945,86.42101098455163,20.67179787550476,1009.6227137878235,Cloudy
2023-09-24,26.73380294390824,58.856277400866105,5.25192306009822,1014.6292992361635,Sunny
2023-09-25,28.899383875095864,84.1355925520499,5.257032232211262,1018.3964311248652,Sunny
2023-09-26,27.01509012935657,88.05564670472737,20.730647110446842,1018.8835989931393,Sunny
2023-09-27,31.57537482316178,54.67196937396894,22.841183784423,1005.4084602222277,Rain
2023-09-28,21.18688072125511,49.25741852032466,22.861509554473166,1018.8664647767138,Snow
2023-09-29,30.226300909122287,87.44409001458445,21.22354416639694,1000.9809074872751,Thunderstorm
2023-09-30,31.351879415231878,85.4772616264217,19.77137596206552,1018.3701937753482,Cloudy
2023-10-01,30.487683303968538,79.73368973756284,8.69254024394104,1006.9706112836834,Rain
2023-10-02,22.230013647930434,86.5038047837224,19.033615019448078,1003.7307102483136,Thunderstorm
2023-10-03,29.72595571698971,47.18085857026258,11.832804436780018,1006.0699832311504,Snow
2023-10-04,23.30673134038744,56.675477544496566,8.682273479671391,1000.1983057204211,Thunderstorm
2023-10-05,23.015827783053723,50.724823573153564,18.5483217047493,1006.1961843675697,Thunderstorm
2023-10-06,32.10575186598051,43.54246357092345,16.914246820246262,1019.6666163081494,Snow
2023-10-07,27.265228281654593,70.07405095775981,13.908179621897244,1012.1445752540611,Snow
2023-10-08,31.277155137261147,70.08711906224443,24.653375579829152,1002.629197119092,Snow
2023-10-09,30.848760775102956,65.16283924340141,17.7174186515554,1001.3801820616148,Partly Cloudy
2023-10-10,33.896172384350436,50.08756564681512,8.22097079798789,1015.0060919511258,Cloudy
2023-10-11,23.19288336351242,47.768259570539605,17.666885771122708,1009.4047660811915,Thunderstorm
2023-10-12,26.820869815541684,72.60573847001704,19.842540169160912,1001.9740795303832,Cloudy
2023-10-13,25.392311273470018,60.53376592303504,18.880814840542186,1006.676399751406,Snow
2023-10-14,29.685700108287453,51.629360493275605,9.207198657558635,1001.8952423862775,Thunderstorm
2023-10-15,33.37014424412155,55.546279054994656,16.964716088469054,1010.2967419705069,Snow
2023-10-16,25.317338455587848,81.99317658355989,17.710187803692314,1007.0103123208889,Cloudy
2023-10-17,24.69728434663558,45.889836706082576,23.694752433943528,1017.2471455206182,Rain
2023-10-18,27.706573484073136,62.54822876613986,16.062265638058633,1006.3943016248954,Partly Cloudy
2023-10-19,24.152487092276953,66.94831270862394,5.747662534763398,1018.3336048683888,Rain
2023-10-20,25.868977250061967,80.40872887505692,8.654200775316598,1015.7797700361784,Cloudy
2023-10-21,26.85841409181142,41.03232632691145,16.647600350691228,1010.0819447285422,Sunny
2023-10-22,30.645816808199054,61.23815224747372,19.84000929625511,1005.7227099740976,Rain
2023-10-23,28.413842974758055,86.38568269984633,20.437389736676106,1001.5363207286155,Rain
2023-10-24,34.28987889215549,46.742179523236125,9.846027143302598,1003.7474055906406,Partly Cloudy
2023-10-25,23.199752901126356,46.28912344386677,9.20995441270351,1011.9839802883358,Sunny
2023-10-26,25.853494415582276,72.23966829637008,9.186349108504128,1006.044955310622,Cloudy
2023-10-27,30.14277551836344,77.05562847611273,20.485817100683573,1014.8791822639612,Cloudy
2023-10-28,31.957733202711978,84.90580699260167,7.064905290826777,1003.2928571634352,Sunny
2023-10-29,29.44315627541063,88.64544535743644,14.156502557194173,1018.0140698021447,Thunderstorm
2023-10-30,21.21215580304319,56.223284051225136,9.707187538506162,1009.4891346498758,Thunderstorm
2023-10-31,20.322459885883617,70.87512432567974,11.97043146303316,1003.2696123224118,Snow
2023-11-01,30.642169468036702,43.23511893256962,24.136672419652232,1009.3307823030582,Cloudy
2023-11-02,23.321082169661373,51.665084639502034,9.110216809932016,1003.2635125194956,Snow
2023-11-03,22.229397183912305,63.955732941659804,13.813470950724584,1011.8643578565412,Sunny
2023-11-04,24.699651278873205,75.10251239488287,11.863255901020962,1005.5357287983552,Thunderstorm
2023-11-05,22.3909609374482,81.33478280999614,18.437757904021737,1011.342159058925,Snow
2023-11-06,24.99638329509199,57.058139979164764,9.789319693729155,1019.8806462936146,Cloudy
2023-11-07,34.92266743269425,52.75611146691182,17.948438151488183,1011.6192652529426,Rain
2023-11-08,32.530249517283195,64.78824357068014,17.542562047393563,1011.7097168616544,Sunny
2023-11-09,34.451844959764685,49.94405670639765,18.52162583718067,1017.2517235168565,Partly Cloudy
2023-11-10,32.31693147199278,89.30774646314086,6.106779656193662,1008.2576308825119,Sunny
2023-11-11,31.918904704427675,49.20028807961765,23.118558175479528,1009.5641479716079,Thunderstorm
2023-11-12,22.897203396125207,45.493831605344894,13.803853621454422,1008.3391056837231,Snow
2023-11-13,23.211924884914712,47.41473590114816,13.643520254368255,1015.7264761572949,Thunderstorm
2023-11-14,30.567724300232985,71.90806207121183,20.093082624973277,1003.0685317853016,Thunderstorm
2023-11-15,24.949413165546552,74.88338174938688,24.650532273280124,1006.9852698590522,Partly Cloudy
2023-11-16,27.59359205450414,88.6995985550902,13.232931788715199,1007.4854701184839,Cloudy
2023-11-17,25.508630424374644,71.76361991250155,19.479870045418913,1000.4581195304816,Thunderstorm
2023-11-18,23.76041071888743,89.26665974886137,10.60338331636585,1006.7578109029449,Snow
2023-11-19,21.87503120743108,67.32686661041528,11.497628341596307,1012.9255496194872,Sunny
2023-11-20,28.062921747659736,75.26071907486528,11.562922669758287,1003.4691090935563,Cloudy
2023-11-21,33.4322299649021,87.89508009197597,6.833964526127252,1018.0704861394549,Cloudy
2023-11-22,27.108815922982004,87.24551573024245,18.27317821848396,1014.7607886177735,Thunderstorm
2023-11-23,32.796370703606534,61.23226462761592,14.21672764273735,1013.8093324357302,Sunny
2023-11-24,23.294081739136466,72.84082151675696,17.08450571600317,1012.4752988933625,Sunny
2023-11-25,25.21228218044494,89.7663783392471,20.424515223554017,1012.6232312940346,Rain
2023-11-26,34.11552712428034,46.744123061527915,5.011039319290598,1008.9579606085791,Rain
2023-11-27,31.320044064388775,66.00894980634835,16.251054931317594,1012.6419415605533,Thunderstorm
2023-11-28,25.35137617018703,81.06443076734112,20.708314717500365,1010.5280805432507,Partly Cloudy
2023-11-29,29.74368971516045,46.10846142842264,23.552015241696015,1006.7707484252138,Sunny
2023-11-30,30.81158013144603,84.95847234287285,11.31306706115671,1013.8388839935645,Snow
2023-12-01,30.835739281148513,81.5096231202082,15.35523515349233,1004.0051198573473,Rain
2023-12-02,27.651664827870245,40.27097239563614,8.911013578441748,1014.7775298450758,Partly Cloudy
2023-12-03,20.428458818310645,59.845639497932225,11.22879825963216,1008.5005463527269,Thunderstorm
2023-12-04,20.50777473522233,89.11800413660792,18.35293729322454,1008.3462560738026,Partly Cloudy
2023-12-05,30.614477142334614,61.02586107473497,14.632996520236572,1008.9468072425689,Thunderstorm
2023-12-06,32.55261519612669,71.73183079279178,19.250837655510765,1002.8612205856703,Thunderstorm
2023-12-07,20.385000317000493,75.71433206092004,18.02926359486423,1015.360454196626,Partly Cloudy
2023-12-08,21.924046693232253,61.07515035783254,7.091016545764123,1018.713008794788,Rain
2023-12-09,34.69121098073807,82.74280785628922,12.895107460935545,1002.4563731472365,Cloudy
2023-12-10,22.500742693703454,61.67849667395859,21.383208074514787,1016.0905172851799,Partly Cloudy
2023-12-11,31.626837929941168,86.4779435363133,15.934436340611185,1010.1229695477559,Partly Cloudy
2023-12-12,26.418292259521827,49.31082971916963,15.466419691038931,1002.5397919064707,Sunny
2023-12-13,23.43045378929743,49.56029055600207,5.945566689197683,1008.4213615333739,Snow
2023-12-14,23.917114428284606,45.07218271203273,17.51783629897669,1013.4280070526378,Partly Cloudy
2023-12-15,25.65758825851182,88.43044259448024,24.528255233466297,1004.0627583877671,Snow
2023-12-16,26.670538506278987,81.46593659601028,22.252781351222215,1008.3729347404616,Sunny
2023-12-17,26.588160521045488,52.6873700732599,6.0334678830917365,1004.4944836349798,Cloudy
2023-12-18,32.81820572988906,61.519679475141736,16.852060543127656,1019.6072123941893,Rain
2023-12-19,28.142726610116654,74.46086447757338,16.146574032417895,1009.9756210709893,Cloudy
2023-12-20,26.91072660213015,84.57555158381612,16.17448686020496,1005.4184604989291,Sunny
2023-12-21,26.882443651637928,78.6998965810539,9.765365303182918,1017.3549949407031,Partly Cloudy
2023-12-22,32.15334650150501,49.59083522976582,13.790886597306418,1015.0534484650706,Partly Cloudy
2023-12-23,26.09513935813493,43.505626159169346,18.74690202069312,1008.8339438851087,Cloudy
2023-12-24,34.6867099550625,69.17811054391443,12.25445038590436,1011.282015954346,Sunny
2023-12-25,30.5944419198576,62.64306217666375,11.048535535495532,1011.877213675363,Thunderstorm
2023-12-26,25.30263119210749,51.35721780196199,14.014532751447472,1000.701207527751,Thunderstorm
2023-12-27,21.71017366888332,65.2209732802055,20.515599409748493,1016.0415214912798,Cloudy
2023-12-28,22.04606474722492,82.00209064214333,9.028750334649384,1005.101006051545,Partly Cloudy
2023-12-29,34.61999976019453,66.93011570751118,20.717927752004474,1010.6563908836879,Thunderstorm
2023-12-30,29.386020505534923,70.67245330797982,20.2176945439509,1004.7137371567686,Partly Cloudy
2023-12-31,32.22659777304634,89.08497288205777,9.236656642238309,1008.5742637751051,Partly Cloudy
2024-01-01,23.293476302240947,87.5995544511389,11.544588771198448,1009.7898180316234,Snow
2024-01-02,31.839353966713283,41.82590234876589,20.17872782488917,1004.2673769189428,Thunderstorm
2024-01-03,20.59952523366052,78.77193962949912,17.2542360075901,1014.5319951923406,Thunderstorm
2024-01-04,28.27394901893942,85.43794432405278,20.247178397053336,1006.6837919519878,Rain
2024-01-05,27.244833549943976,64.22439066269096,5.9612603127374175,1007.3090445906284,Thunderstorm
2024-01-06,27.696429629975277,73.99438429902924,14.918781450782435,1001.0052674949137,Snow
2024-01-07,29.68795577406558,87.11966983488664,21.584389450787814,1012.4413644364912,Snow
2024-01-08,28.3789977005314,57.181273961332366,14.16088243391143,1004.7354526077739,Snow
2024-01-09,23.196369862914903,86.13164348517476,7.617257013282046,1018.1609112510126,Partly Cloudy
2024-01-10,32.889514284040466,42.35319702468719,23.79659249570691,1012.7934803263131,Thunderstorm
2024-01-11,25.876663061856718,46.95125486168838,15.794609847692378,1013.2072537792959,Thunderstorm
2024-01-12,28.531425140891628,59.56573494764427,8.709178188880234,1015.4607154790019,Thunderstorm
2024-01-13,28.24114682391425,71.75961965057715,16.572420475082133,1008.2528064047949,Partly Cloudy
2024-01-14,32.51113673572833,75.43975999074667,7.458548556919824,1018.1388303305761,Rain
2024-01-15,21.594538156698878,64.43812311598182,14.878460495902914,1009.521524710412,Cloudy
2024-01-16,24.764459357609272,78.7348063150601,10.437887887462535,1002.9164875932476,Rain
2024-01-17,20.093168423145258,69.19468052738796,16.083952298626343,1008.8384339640779,Sunny
2024-01-18,25.455154610720193,55.728028872497696,8.558906677859916,1016.9359786810362,Rain
2024-01-19,21.313699792968404,74.82005873380734,9.158105481285933,1002.6777686918446,Sunny
2024-01-20,31.398328981930803,89.84125396249962,15.593941045210567,1004.0803438922973,Thunderstorm
2024-01-21,28.145035797214774,56.06114517551583,23.79470905632714,1006.6918092509827,Partly Cloudy
2024-01-22,27.754211713151292,65.4939698743482,5.830988380672048,1007.5148654499877,Sunny
2024-01-23,26.902369731504603,86.2481074926912,22.632809306411293,1019.7799692463292,Thunderstorm
2024-01-24,32.904970763337445,65.9787440867629,7.3003358105823635,1007.5592970025081,Snow
2024-01-25,30.954135500681083,48.15846914120452,16.7629103042116,1000.0676680296167,Cloudy
2024-01-26,31.99737375816325,89.67010408457007,18.64745923587762,1008.0638246993751,Sunny
2024-01-27,20.963091794334172,41.16238794681673,10.251331748883905,1003.2885396057005,Partly Cloudy
2024-01-28,33.35717260802481,78.7310668716184,6.3679966557207806,1011.9071497452252,Rain
2024-01-29,22.61345221222158,41.05810748415675,15.423324664348964,1015.5740254033278,Cloudy
2024-01-30,28.82805292924158,45.6773009001466,13.453454891847173,1000.9553932821589,Cloudy
2024-01-31,27.103780810882977,73.23408829918314,17.980596395805474,1006.9449715510756,Cloudy
2024-02-01,23.974614427043335,59.88183904328269,20.269612735287676,1015.1552125006632,Snow
2024-02-02,22.379581426339193,85.08493608945108,5.136497546724302,1018.4572338022188,Thunderstorm
2024-02-03,27.62972252928501,44.64399512386788,6.019569294937912,1001.7191678732664,Cloudy
2024-02-04,28.838557605173463,46.15219794535608,16.801396253136392,1001.4599354770152,Sunny
2024-02-05,22.86415587448001,75.20241128903893,10.340649736641145,1015.1046696514343,Rain
2024-02-06,34.5787681330634,84.41675254529801,20.505063009361553,1008.6378049866385,Thunderstorm
2024-02-07,34.985988287187766,48.65877881210838,6.285588060382952,1003.330564553415,Snow
2024-02-08,24.36797475786634,75.62113949908782,21.962163493627486,1019.0447224106246,Sunny
2024-02-09,24.98139805888693,56.84577377734891,9.06631199422905,1007.646400694402,Cloudy
2024-02-10,26.922466723497642,64.14556282346214,12.924398903361007,1003.5531440545824,Partly Cloudy
2024-02-11,21.080790377096875,77.94209726674433,10.374796854120579,1017.8216584606863,Rain
2024-02-12,22.2269444517844,64.28955792345357,17.815725016781887,1018.7327903659726,Rain
2024-02-13,20.977294429793947,44.244437580408515,5.861839864816711,1011.6673149899871,Cloudy
2024-02-14,32.1030436372481,83.39213873422379,18.962262783603602,1012.6433056837374,Snow
2024-02-15,20.41902935269432,43.35439802958812,12.109045779039002,1016.7271179739316,Thunderstorm
2024-02-16,29.159142682941013,41.491618151571814,7.042516929833571,1012.9296478322472,Partly Cloudy
2024-02-17,31.52069367930902,53.27698755033613,6.120223476318321,1006.0925883312198,Cloudy
2024-02-18,33.74545956149379,89.71523303490258,8.84868128141295,1003.9221173765744,Rain
2024-02-19,30.01202945345802,81.47959158847189,8.503229914922397,1007.9159535986206,Rain
2024-02-20,21.819435562613922,40.440501445261944,13.320732744022724,1009.6024228113796,Rain
2024-02-21,29.56691532742049,54.560105918131114,20.951048629445364,1001.8502112156415,Cloudy
2024-02-22,24.165013032194597,85.48439040786485,7.029267925376123,1006.3256860750972,Rain
2024-02-23,27.82804586447704,48.83774302205534,19.259146910061734,1002.3145295346333,Thunderstorm
2024-02-24,27.683225923892127,51.58888712538229,7.052562736217077,1005.4191827324458,Partly Cloudy
2024-02-25,25.27685345477133,82.95748942343805,8.51716879608825,1000.3076073142495,Snow
2024-02-26,24.825604129660697,84.70966371530047,13.38091906847829,1018.6982082733643,Thunderstorm
2024-02-27,28.64747038295599,63.06449315580602,18.357248212053484,1019.5114945616434,Rain
2024-02-28,24.42785034779672,80.22977188997905,15.339406335981858,1001.9842764408073,Rain
2024-02-29,24.922447855610507,65.34322428706676,15.297660522669606,1015.5935745875863,Partly Cloudy
2024-03-01,33.703236526648624,86.20696900536524,14.502243263923827,1005.2349516375954,Cloudy
2024-03-02,33.729876603223055,74.90378518662774,15.249461361331297,1012.4446737687991,Sunny
2024-03-03,21.23482607342404,45.028992104231904,20.571046834432096,1014.7851482452663,Cloudy
2024-03-04,29.04186775343589,73.41335181280263,21.887797539165415,1007.6436925777066,Rain
2024-03-05,25.875416821706416,80.70106170197721,10.234291438342284,1004.5579112864989,Sunny
2024-03-06,29.263988263149443,65.80684350172979,15.965482286944589,1009.2360710568992,Sunny
2024-03-07,28.50948528756276,73.6145450767334,11.2620894616539,1003.1347704549679,Partly Cloudy
2024-03-08,34.842973670108336,66.67975856334206,19.13501208026421,1015.8590315145831,Thunderstorm
2024-03-09,27.171763721811118,85.26379316416302,5.21334640169041,1012.6579693631103,Rain
2024-03-10,25.582998975219766,74.59078623671337,10.220290299313815,1004.4310443569641,Snow
2024-03-11,26.994857777436838,58.96540751737488,14.693004805969732,1000.9659960015807,Thunderstorm
2024-03-12,22.09246308935993,58.72119776128136,10.341859971331711,1012.6029217053982,Partly Cloudy
2024-03-13,26.852878137575278,60.350655112909365,10.768377866217909,1009.5686181198107,Thunderstorm
2024-03-14,32.891094997302424,59.94176080321848,5.586926570970925,1009.5065558363276,Rain
2024-03-15,34.54476651021386,43.713958062648246,13.072143895636277,1011.9744164418713,Cloudy
2024-03-16,30.820494190936834,54.19784298579088,12.524293055972082,1014.9192358908822,Rain
2024-03-17,23.007545475944923,64.01505583602503,14.410997900651509,1002.3795697801926,Snow
2024-03-18,22.49384443836506,68.62850832553411,9.055847612673594,1007.8952189203774,Cloudy
2024-03-19,32.78648592949146,62.90542079708339,21.210061010786337,1007.8037700646171,Rain
2024-03-20,32.9171872926013,73.7906303811268,7.056292286049235,1016.7994389926124,Thunderstorm
2024-03-21,30.48067984769584,82.57931171619268,16.188803708654923,1005.4189483932954,Sunny
2024-03-22,25.977342899652527,87.2084388703096,5.494576197645397,1005.891455832353,Snow
2024-03-23,30.281775655722637,82.23857756708568,22.031099812425776,1002.0119740457943,Snow
2024-03-24,29.25573593531294,87.14743174942748,22.189877146012027,1019.2450954464005,Snow
2024-03-25,29.09676546754084,86.69938180638891,11.77360972723015,1009.674039999508,Sunny
2024-03-26,20.452205917702667,81.29716196964073,23.453792185217008,1004.4723363580443,Cloudy
2024-03-27,28.703301246985703,65.8926045661688,20.14724980111778,1000.021521661615,Snow
2024-03-28,25.69328041000704,68.6186827653577,8.651002102609603,1017.0832700396685,Snow
2024-03-29,20.905163503082022,43.417668138620286,5.47294266984496,1019.6609943868436,Snow
2024-03-30,24.635899970037798,49.30867565568845,5.979030253428195,1011.2211062809677,Cloudy
2024-03-31,22.164679878547243,46.676794359987255,16.081885696048133,1002.6614743141848,Sunny
2024-04-01,22.305926596787508,42.865637157507855,16.36619121575398,1006.5555921736748,Thunderstorm
2024-04-02,23.51381874416092,80.94890511229542,10.035524322176727,1003.5551801027719,Rain
2024-04-03,32.792393987183374,49.204395247960115,15.123683909537764,1008.6181141695304,Partly Cloudy
2024-04-04,29.29185412878421,50.90018445285489,16.8291099165347,1014.54424505748,Cloudy
2024-04-05,22.575433901667527,41.926224957062175,11.074312455103737,1015.6091729425144,Cloudy
2024-04-06,32.397734917650226,77.03793774710078,22.65352925737816,1019.8836549383157,Cloudy
2024-04-07,31.61561774195306,63.48116061655201,19.678253440618256,1002.8589780913069,Snow
2024-04-08,24.777819328855653,52.02458994866525,21.035776065868376,1004.6463846311736,Thunderstorm
2024-04-09,34.589467050763616,42.734540091332015,18.44689672543604,1016.8944236025094,Partly Cloudy
2024-04-10,24.180938271079505,73.50560925467283,6.900541722745384,1012.3569536050856,Sunny
2024-04-11,20.894425233242497,47.32935295289453,13.137990928047357,1004.5941580156947,Sunny
2024-04-12,26.538151540491885,45.75039421754621,5.688042244735172,1012.2516311173939,Rain
2024-04-13,25.419222862471333,43.086534766859,7.470861106158473,1019.7408065290109,Rain
2024-04-14,32.69595239802348,48.87722282761603,11.259181434513842,1017.1039971032919,Partly Cloudy
2024-04-15,22.79276476586754,62.591869661923035,21.460733252644577,1004.9814158782768,Snow
2024-04-16,23.213859034665113,46.910085479071455,10.323870045858158,1009.1681921705327,Rain
2024-04-17,22.110724375240693,70.45199026887124,22.37022584313479,1013.490724275879,Snow
2024-04-18,20.008246952009145,88.41160219866362,8.889098981781903,1005.6619788099376,Snow
2024-04-19,23.011786904133636,43.65329949616138,22.041839929085217,1001.6066305016403,Sunny
2024-04-20,26.64727091075703,89.86628485610379,14.820823345877576,1012.2366204896014,Thunderstorm
2024-04-21,30.90200838461802,80.92222315231601,20.202724541205953,1005.4634562859223,Snow
2024-04-22,32.223923364189446,47.493495075330934,14.567458435969769,1001.5990944879504,Cloudy
2024-04-23,28.585729223817644,44.987961024666895,7.784029535093804,1017.3079388437832,Snow
2024-04-24,21.722071436145754,51.090370285587156,22.5246535120895,1014.2588016188155,Thunderstorm
2024-04-25,22.15660620531218,62.14274231515628,18.85360583149798,1019.0648619704991,Partly Cloudy
2024-04-26,34.76339476648158,88.21854172554754,24.55101723592361,1015.4847702441276,Rain
2024-04-27,34.37084805833853,78.1143442431754,7.937095301405151,1017.5250432862557,Snow
2024-04-28,24.579871079750298,70.64469470993713,5.1168387110938784,1013.5869576316361,Partly Cloudy
2024-04-29,34.96104576982731,47.0713958466085,16.962238930038204,1000.2387371746987,Snow
2024-04-30,34.64720792020012,88.02341932869243,12.962172972778179,1006.0884882826772,Sunny
2024-05-01,32.50803996755176,59.94210878417402,14.158035313974192,1018.1005096043058,Sunny
2024-05-02,23.701350267772536,53.49406644514157,17.490171698611658,1016.4993291128368,Partly Cloudy
2024-05-03,29.248293451737723,50.20443269312657,23.83966074134071,1009.390947787018,Sunny
2024-05-04,23.343062266966285,63.65861994054469,15.700673514777021,1003.6655523323726,Snow
2024-05-05,24.99999748677674,59.60091852364486,6.072643306091965,1008.2096199313055,Thunderstorm
2024-05-06,20.09800308877831,49.77058653900647,17.92875457145224,1004.8884025152646,Partly Cloudy
2024-05-07,22.555426901846893,46.44724816971539,7.97596170187294,1011.441489047902,Cloudy
2024-05-08,30.35589396403195,46.70551249004099,7.677162999974114,1019.9602743667693,Partly Cloudy
2024-05-09,34.014435468294884,70.77946960220216,23.36971870686265,1005.6232345238461,Snow
2024-05-10,25.75596450448468,68.85746459130527,8.548529190245414,1016.6815050975798,Thunderstorm
2024-05-11,33.44000168107717,52.566226109545624,9.59781941540205,1017.6398829664151,Partly Cloudy
2024-05-12,34.03428119095027,74.65339076548487,11.750404802193676,1008.7762424049946,Sunny
2024-05-13,31.601547059703,51.25303989056755,21.520989947648626,1016.7128803998311,Rain
2024-05-14,23.62230852447418,74.42880359746314,12.447784273035792,1012.7231326105854,Cloudy
2024-05-15,27.516020743457656,87.55695426411833,12.16409317691644,1014.5215049606916,Thunderstorm
2024-05-16,22.751608284357616,87.54178986270517,6.106512266310209,1019.326424009389,Thunderstorm
2024-05-17,32.3508698266163,88.183549269249,20.713392297489005,1010.5618573584106,Snow
2024-05-18,29.341085771723513,88.04539166753722,8.429887681164274,1005.1360674265818,Rain
2024-05-19,26.27396157707726,64.5708133901716,22.990225355380435,1000.2906956235693,Rain
2024-05-20,25.177098682868806,51.087823236577606,13.758909917706848,1014.7601219062817,Cloudy
2024-05-21,27.145749057375987,49.63015396788283,19.719699442464925,1003.8410584463209,Partly Cloudy
2024-05-22,22.975278602510425,54.690708916271475,23.619706982764765,1018.6666762278776,Thunderstorm
2024-05-23,20.919657667318468,74.80195692155857,24.860923918192768,1007.6743327501014,Partly Cloudy
2024-05-24,20.082051019672473,53.39475618019435,8.503701356321047,1004.4717798403302,Cloudy
2024-05-25,34.36903256448079,44.51280520971359,8.517085744115931,1009.3096325072408,Snow
2024-05-26,32.663957156641224,78.39056663887004,23.928042897578386,1002.6924366183104,Cloudy
2024-05-27,23.007876424417745,41.459468941878356,20.877038160011274,1009.3962816735885,Cloudy
2024-05-28,23.291382344172842,41.687240200515426,8.353129494363758,1002.4350683176657,Partly Cloudy
2024-05-29,22.63078786266163,49.608578776941414,20.04282159852703,1008.2541733421816,Partly Cloudy
2024-05-30,33.46742919145839,78.98510889149533,12.333539595533374,1015.6946269018583,Cloudy
2024-05-31,24.07300823673596,64.50763892588915,9.026089615466066,1016.1422140519106,Partly Cloudy
2024-06-01,33.83935125395776,47.76644678220286,5.73805639258625,1000.8532048503856,Partly Cloudy
2024-06-02,31.855884966702046,87.21531852753682,7.167509887906989,1010.0503808404252,Thunderstorm
2024-06-03,31.350859582779506,75.16508726857558,20.03967692901494,1003.1386330971851,Rain
2024-06-04,31.767859526956727,52.332100554700666,17.441073967863694,1009.6276218481444,Sunny
2024-06-05,33.810030680739985,59.312454905532945,11.341417553956752,1006.6343095438611,Thunderstorm
2024-06-06,33.76111965709946,65.79241282479,19.080423284086653,1000.8770171980558,Partly Cloudy
2024-06-07,25.73682464826743,41.179196733499104,15.57135218039296,1004.8807564369808,Partly Cloudy
2024-06-08,33.1729438350345,82.26873991908866,18.782800103813763,1009.8528909604634,Sunny
2024-06-09,32.73829021589883,51.3518059575392,14.906905139449496,1004.4161385977064,Sunny
2024-06-10,25.04437405946843,54.6224288942219,13.40070770335746,1013.8863740868875,Rain
2024-06-11,20.952319180420286,68.84889893446044,16.080705203475976,1002.2168528304005,Cloudy
2024-06-12,22.575352578588518,63.54191723248397,21.827969033867227,1000.0364414334582,Thunderstorm
2024-06-13,27.888905511009057,56.51702645770275,18.636546701754426,1000.0774294473213,Partly Cloudy
2024-06-14,20.38088862739918,73.91971287899628,7.422862985818385,1008.3598591909104,Thunderstorm
2024-06-15,29.160663801818757,86.12507182905175,21.083009545611414,1000.0783887014314,Thunderstorm
2024-06-16,26.09874186893918,60.828791216609744,10.04372520525229,1013.1859086846544,Partly Cloudy
2024-06-17,21.11634319670612,50.02306253055722,7.267510048831816,1004.9178027341279,Partly Cloudy
2024-06-18,31.789499962337015,77.6503665742658,6.27844266593142,1002.2367662125082,Partly Cloudy
2024-06-19,29.072750314153947,78.266102366886,10.857932948498101,1009.2668738658781,Cloudy
2024-06-20,26.68736110105032,88.04805064127885,23.107493765817388,1019.530411892909,Rain
2024-06-21,26.289204612121548,59.96905893942024,8.38735803538982,1019.20177136038,Thunderstorm
2024-06-22,23.549402699225283,72.0939080088714,17.255143379540357,1000.6052600215082,Partly Cloudy
2024-06-23,34.45780336766037,80.96032329441506,20.990308352752653,1017.6732307780036,Rain
2024-06-24,34.41211380416014,58.19036449705675,5.427655437825736,1010.6645476800044,Thunderstorm
2024-06-25,22.759129889508493,76.31846571311961,12.186980627688023,1010.0913891710844,Rain
2024-06-26,28.895489768638246,62.982541904798126,12.584259530878537,1003.3717587409254,Rain
2024-06-27,31.349734016465007,52.83046941189838,16.9439240473748,1000.7496365001605,Partly Cloudy
2024-06-28,25.600228959829582,53.69459912821377,13.25623681619226,1009.7245504964654,Partly Cloudy
2024-06-29,32.07164161854065,44.83859518291162,15.483460271249621,1009.3802391843845,Snow
2024-06-30,28.843763790581516,45.229002586871886,23.726874284536944,1017.137655196365,Cloudy
2024-07-01,28.202653685154363,50.571494974775504,23.92436766439719,1006.8500622346351,Thunderstorm
2024-07-02,28.246533611347992,51.07799284872056,5.133626415853283,1007.8674233702279,Partly Cloudy
2024-07-03,21.535529673811908,46.854935302001756,21.686495577307564,1011.9179875495086,Cloudy
2024-07-04,34.28338972774674,69.6587038304514,20.255172249374358,1005.3998259293752,Thunderstorm
2024-07-05,32.721975439962776,60.24733782326473,22.741151828460747,1017.3388652297735,Rain
2024-07-06,26.05127241790935,70.19053264247356,6.345050938423189,1017.3207139777311,Cloudy
2024-07-07,34.29083110929881,64.53451796226744,13.073987570289571,1015.3805893121498,Partly Cloudy
2024-07-08,22.51953472083993,40.09088600502317,21.406723950359048,1002.5151886683404,Rain
2024-07-09,26.45452106740989,82.15222514941686,16.13864712396485,1010.0228866765822,Rain
2024-07-10,21.214103627838554,86.67332783461157,5.199916266058047,1016.9467430815458,Snow
2024-07-11,25.39380312357329,40.89183071407153,12.037155362431038,1015.7847164233339,Snow
2024-07-12,22.220804579841236,59.26649178201693,23.808441698333315,1015.1176029725863,Cloudy
2024-07-13,29.82173462668296,81.46755056673311,9.494870261413821,1018.8668362590273,Sunny
2024-07-14,24.566629828707953,83.04009615362193,11.98939884950557,1019.8267322502728,Rain
2024-07-15,20.71090376784648,63.64274221786398,16.18201463582617,1003.7991540154868,Sunny
2024-07-16,24.872425316344525,52.42880845367412,8.290008322542308,1009.8803754910588,Partly Cloudy
2024-07-17,34.80629166334431,81.96927626986688,12.984067098538263,1015.1266077976163,Cloudy
